ngram,score,totalwords
an,-0.3855276107788086,1
hour,-0.2956690490245819,1
i,-0.7029122114181519,1
have,-0.40941956639289856,1
me,-0.8303984999656677,1
go,-0.8282995820045471,1
start,-0.5779615640640259,1
get,-0.5558388233184814,1
help,-0.14465652406215668,1
through,-0.4483373165130615,1
to,-0.4868168830871582,1
before,-0.8490924239158629,1
today,0.2322134226560593,1
filming,0.14456391334533691,1
