ngram,score,totalwords
analysis,-0.2956690490245819,1
application,-0.8282995820045471,1
is,-0.4868168830871582,1
this,-0.8490924239158629,1
sentiment,-0.3855276107788086,1
my,-0.7029122114181519,1
