ngram,score,totalwords
always,-0.7029122114181519,1
term,0.2322134226560593,1
puppies,-0.3855276107788086,1
puppers,-0.4868168830871582,1
pavgod,-0.5779615640640259,1
or,-0.2956690490245819,1
never,-0.40941956639289856,1
either,-0.4483373165130615,1
works,-0.5558388233184814,1
are,-0.8282995820045471,1
doggos,-0.8490924239158629,1
